Entity,Code,Year,Total number of emigrants
Afghanistan,AFG,1990,7679582
Afghanistan,AFG,1995,4347049
Afghanistan,AFG,2000,4750677
Afghanistan,AFG,2005,4116739
Afghanistan,AFG,2010,5269518
Afghanistan,AFG,2015,5400916
Afghanistan,AFG,2020,5853838
Africa,,1990,20621464
Africa,,1995,22341394
Africa,,2000,22080003
Africa,,2005,25241406
Africa,,2010,29193852
Africa,,2015,35111959
Africa,,2020,40567163
Albania,ALB,1990,180204
Albania,ALB,1995,501066
Albania,ALB,2000,824442
Albania,ALB,2005,966032
Albania,ALB,2010,1117940
Albania,ALB,2015,1142844
Albania,ALB,2020,1250451
Algeria,DZA,1990,921665
Algeria,DZA,1995,979641
Algeria,DZA,2000,1037985
Algeria,DZA,2005,1599647
Algeria,DZA,2010,1655264
Algeria,DZA,2015,1836502
Algeria,DZA,2020,2022337
American Samoa,ASM,1990,2041
American Samoa,ASM,1995,2638
American Samoa,ASM,2000,3186
American Samoa,ASM,2005,2588
American Samoa,ASM,2010,2157
American Samoa,ASM,2015,1961
American Samoa,ASM,2020,1832
Andorra,AND,1990,3740
Andorra,AND,1995,4142
Andorra,AND,2000,5575
Andorra,AND,2005,5727
Andorra,AND,2010,7909
Andorra,AND,2015,8740
Andorra,AND,2020,11132
Angola,AGO,1990,824886
Angola,AGO,1995,688581
Angola,AGO,2000,913206
Angola,AGO,2005,716766
Angola,AGO,2010,651383
Angola,AGO,2015,618288
Angola,AGO,2020,668066
Anguilla,AIA,1990,1832
Anguilla,AIA,1995,2166
Anguilla,AIA,2000,2508
Anguilla,AIA,2005,2425
Anguilla,AIA,2010,2273
Anguilla,AIA,2015,2553
Anguilla,AIA,2020,2505
Antigua and Barbuda,ATG,1990,21382
Antigua and Barbuda,ATG,1995,26965
Antigua and Barbuda,ATG,2000,32782
Antigua and Barbuda,ATG,2005,36398
Antigua and Barbuda,ATG,2010,41347
Antigua and Barbuda,ATG,2015,52189
Antigua and Barbuda,ATG,2020,66561
Argentina,ARG,1990,430155
Argentina,ARG,1995,481968
Argentina,ARG,2000,555542
Argentina,ARG,2005,805291
Argentina,ARG,2010,938639
Argentina,ARG,2015,943843
Argentina,ARG,2020,1076148
Armenia,ARM,1990,899678
Armenia,ARM,1995,901859
Armenia,ARM,2000,877148
Armenia,ARM,2005,900648
Armenia,ARM,2010,917043
Armenia,ARM,2015,944520
Armenia,ARM,2020,958190
Aruba,ABW,1990,5887
Aruba,ABW,1995,6705
Aruba,ABW,2000,7662
Aruba,ABW,2005,9482
Aruba,ABW,2010,13524
Aruba,ABW,2015,16621
Aruba,ABW,2020,21456
Asia,,1990,56957000
Asia,,1995,59147922
Asia,,2000,65333613
Asia,,2005,72806043
Asia,,2010,88122177
Asia,,2015,103378019
Asia,,2020,114911484
Australia,AUS,1990,301013
Australia,AUS,1995,341312
Australia,AUS,2000,381836
Australia,AUS,2005,428769
Australia,AUS,2010,486949
Australia,AUS,2015,518158
Australia,AUS,2020,598765
Australia and New Zealand,,1990,689030
Australia and New Zealand,,1995,758234
Australia and New Zealand,,2000,871660
Australia and New Zealand,,2005,984280
Australia and New Zealand,,2010,1149265
Australia and New Zealand,,2015,1256202
Australia and New Zealand,,2020,1404924
Austria,AUT,1990,505214
Austria,AUT,1995,490045
Austria,AUT,2000,478091
Austria,AUT,2005,493349
Austria,AUT,2010,517401
Austria,AUT,2015,515234
Austria,AUT,2020,600740
Azerbaijan,AZE,1990,1634157
Azerbaijan,AZE,1995,1712214
Azerbaijan,AZE,2000,1630589
Azerbaijan,AZE,2005,1455180
Azerbaijan,AZE,2010,1160863
Azerbaijan,AZE,2015,1130348
Azerbaijan,AZE,2020,1163922
Bahamas,BHS,1990,25137
Bahamas,BHS,1995,29594
Bahamas,BHS,2000,34301
Bahamas,BHS,2005,34715
Bahamas,BHS,2010,35990
Bahamas,BHS,2015,42965
Bahamas,BHS,2020,53793
Bahrain,BHR,1990,12817
Bahrain,BHR,1995,26014
Bahrain,BHR,2000,47736
Bahrain,BHR,2005,51835
Bahrain,BHR,2010,52235
Bahrain,BHR,2015,56721
Bahrain,BHR,2020,58270
Bangladesh,BGD,1990,5450443
Bangladesh,BGD,1995,5423528
Bangladesh,BGD,2000,5441094
Bangladesh,BGD,2005,5492474
Bangladesh,BGD,2010,6319871
Bangladesh,BGD,2015,6831282
Bangladesh,BGD,2020,7401763
Barbados,BRB,1990,84766
Barbados,BRB,1995,89612
Barbados,BRB,2000,94998
Barbados,BRB,2005,92975
Barbados,BRB,2010,96193
Barbados,BRB,2015,101879
Barbados,BRB,2020,99611
Belarus,BLR,1990,1767600
Belarus,BLR,1995,1736493
Belarus,BLR,2000,1685646
Belarus,BLR,2005,1581160
Belarus,BLR,2010,1464702
Belarus,BLR,2015,1469882
Belarus,BLR,2020,1483626
Belgium,BEL,1990,363970
Belgium,BEL,1995,374734
Belgium,BEL,2000,398864
Belgium,BEL,2005,437701
Belgium,BEL,2010,484032
Belgium,BEL,2015,515793
Belgium,BEL,2020,577463
Belize,BLZ,1990,36101
Belize,BLZ,1995,41950
Belize,BLZ,2000,48211
Belize,BLZ,2005,51883
Belize,BLZ,2010,57371
Belize,BLZ,2015,63099
Belize,BLZ,2020,52756
Benin,BEN,1990,234314
Benin,BEN,1995,275696
Benin,BEN,2000,328046
Benin,BEN,2005,504165
Benin,BEN,2010,541152
Benin,BEN,2015,634923
Benin,BEN,2020,681827
Bermuda,BMU,1990,71681
Bermuda,BMU,1995,42587
Bermuda,BMU,2000,14079
Bermuda,BMU,2005,14907
Bermuda,BMU,2010,15313
Bermuda,BMU,2015,16225
Bermuda,BMU,2020,21107
Bhutan,BTN,1990,28461
Bhutan,BTN,1995,117967
Bhutan,BTN,2000,120183
Bhutan,BTN,2005,120319
Bhutan,BTN,2010,91934
Bhutan,BTN,2015,51391
Bhutan,BTN,2020,51998
Bolivia,BOL,1990,224693
Bolivia,BOL,1995,283540
Bolivia,BOL,2000,344702
Bolivia,BOL,2005,543766
Bolivia,BOL,2010,779961
Bolivia,BOL,2015,824008
Bolivia,BOL,2020,927244
Bonaire Sint Eustatius and Saba,BES,1990,445
Bonaire Sint Eustatius and Saba,BES,1995,540
Bonaire Sint Eustatius and Saba,BES,2000,647
Bonaire Sint Eustatius and Saba,BES,2005,753
Bonaire Sint Eustatius and Saba,BES,2010,7065
Bonaire Sint Eustatius and Saba,BES,2015,7295
Bonaire Sint Eustatius and Saba,BES,2020,8148
Bosnia and Herzegovina,BIH,1990,861760
Bosnia and Herzegovina,BIH,1995,1372526
Bosnia and Herzegovina,BIH,2000,1496691
Bosnia and Herzegovina,BIH,2005,1501036
Bosnia and Herzegovina,BIH,2010,1572925
Bosnia and Herzegovina,BIH,2015,1593430
Bosnia and Herzegovina,BIH,2020,1687639
Botswana,BWA,1990,26048
Botswana,BWA,1995,23315
Botswana,BWA,2000,26683
Botswana,BWA,2005,33281
Botswana,BWA,2010,44249
Botswana,BWA,2015,55294
Botswana,BWA,2020,63561
Brazil,BRA,1990,491359
Brazil,BRA,1995,730491
Brazil,BRA,2000,940458
Brazil,BRA,2005,1194575
Brazil,BRA,2010,1495404
Brazil,BRA,2015,1504231
Brazil,BRA,2020,1897128
British Virgin Islands,VGB,1990,3094
British Virgin Islands,VGB,1995,3368
British Virgin Islands,VGB,2000,3683
British Virgin Islands,VGB,2005,4008
British Virgin Islands,VGB,2010,4921
British Virgin Islands,VGB,2015,5118
British Virgin Islands,VGB,2020,5355
Brunei,BRN,1990,26323
Brunei,BRN,1995,35052
Brunei,BRN,2000,45242
Brunei,BRN,2005,45314
Brunei,BRN,2010,44541
Brunei,BRN,2015,45110
Brunei,BRN,2020,45340
Bulgaria,BGR,1990,612960
Bulgaria,BGR,1995,649430
Bulgaria,BGR,2000,688682
Bulgaria,BGR,2005,907821
Bulgaria,BGR,2010,1106483
Bulgaria,BGR,2015,1179625
Bulgaria,BGR,2020,1683074
Burkina Faso,BFA,1990,1021331
Burkina Faso,BFA,1995,1215665
Burkina Faso,BFA,2000,1279414
Burkina Faso,BFA,2005,1352292
Burkina Faso,BFA,2010,1434528
Burkina Faso,BFA,2015,1518568
Burkina Faso,BFA,2020,1599347
Burundi,BDI,1990,337100
Burundi,BDI,1995,540558
Burundi,BDI,2000,758673
Burundi,BDI,2005,619916
Burundi,BDI,2010,284078
Burundi,BDI,2015,459979
Burundi,BDI,2020,551105
Cambodia,KHM,1990,355428
Cambodia,KHM,1995,418213
Cambodia,KHM,2000,459621
Cambodia,KHM,2005,674436
Cambodia,KHM,2010,953059
Cambodia,KHM,2015,1074572
Cambodia,KHM,2020,1104819
Cameroon,CMR,1990,115835
Cameroon,CMR,1995,138936
Cameroon,CMR,2000,164296
Cameroon,CMR,2005,221232
Cameroon,CMR,2010,278898
Cameroon,CMR,2015,348974
Cameroon,CMR,2020,441015
Canada,CAN,1990,994254
Canada,CAN,1995,1064305
Canada,CAN,2000,1142641
Canada,CAN,2005,1185156
Canada,CAN,2010,1268057
Canada,CAN,2015,1263552
Canada,CAN,2020,1292329
Cape Verde,CPV,1990,91363
Cape Verde,CPV,1995,106954
Cape Verde,CPV,2000,124823
Cape Verde,CPV,2005,141984
Cape Verde,CPV,2010,152863
Cape Verde,CPV,2015,171429
Cape Verde,CPV,2020,187558
Caribbean,,1990,4139775
Caribbean,,1995,5035853
Caribbean,,2000,5966487
Caribbean,,2005,6506671
Caribbean,,2010,7273502
Caribbean,,2015,8135307
Caribbean,,2020,9078772
Cayman Islands,CYM,1990,356
Cayman Islands,CYM,1995,794
Cayman Islands,CYM,2000,1278
Cayman Islands,CYM,2005,1290
Cayman Islands,CYM,2010,1404
Cayman Islands,CYM,2015,1709
Cayman Islands,CYM,2020,1908
Central African Republic,CAF,1990,46354
Central African Republic,CAF,1995,49205
Central African Republic,CAF,2000,55416
Central African Republic,CAF,2005,131410
Central African Republic,CAF,2010,245933
Central African Republic,CAF,2015,686224
Central African Republic,CAF,2020,816668
Central America,,1990,6823036
Central America,,1995,9288464
Central America,,2000,12228703
Central America,,2005,13978650
Central America,,2010,16204451
Central America,,2015,16291222
Central America,,2020,16198974
Central Asia,,1990,5719892
Central Asia,,1995,6159859
Central Asia,,2000,6462345
Central Asia,,2005,6918899
Central Asia,,2010,7232295
Central Asia,,2015,7428032
Central Asia,,2020,7835504
Central and Southern Asia,,1990,31104020
Central and Southern Asia,,1995,29069983
Central and Southern Asia,,2000,30897694
Central and Southern Asia,,2005,33347690
Central and Southern Asia,,2010,41082388
Central and Southern Asia,,2015,46481130
Central and Southern Asia,,2020,51229549
Chad,TCD,1990,336798
Chad,TCD,1995,223096
Chad,TCD,2000,206052
Chad,TCD,2005,210661
Chad,TCD,2010,202423
Chad,TCD,2015,191269
Chad,TCD,2020,222303
Channel Islands,OWID_CIS,1990,18726
Channel Islands,OWID_CIS,1995,15626
Channel Islands,OWID_CIS,2000,12825
Channel Islands,OWID_CIS,2005,14815
Channel Islands,OWID_CIS,2010,15699
Channel Islands,OWID_CIS,2015,16469
Channel Islands,OWID_CIS,2020,17158
Chile,CHL,1990,493026
Chile,CHL,1995,499207
Chile,CHL,2000,511997
Chile,CHL,2005,541745
Chile,CHL,2010,571842
Chile,CHL,2015,618015
Chile,CHL,2020,643800
China,CHN,1990,4231625
China,CHN,1995,5030321
China,CHN,2000,5884919
China,CHN,2005,7337211
China,CHN,2010,8714648
China,CHN,2015,10240817
China,CHN,2020,10461170
Colombia,COL,1990,1009148
Colombia,COL,1995,1215967
Colombia,COL,2000,1433940
Colombia,COL,2005,1883904
Colombia,COL,2010,2554020
Colombia,COL,2015,2698688
Colombia,COL,2020,3024273
Comoros,COM,1990,40079
Comoros,COM,1995,51290
Comoros,COM,2000,70502
Comoros,COM,2005,96143
Comoros,COM,2010,109125
Comoros,COM,2015,121749
Comoros,COM,2020,150823
Congo,COG,1990,96370
Congo,COG,1995,115677
Congo,COG,2000,135235
Congo,COG,2005,172610
Congo,COG,2010,178111
Congo,COG,2015,204829
Congo,COG,2020,223767
Cook Islands,COK,1990,17485
Cook Islands,COK,1995,17009
Cook Islands,COK,2000,19478
Cook Islands,COK,2005,19580
Cook Islands,COK,2010,20556
Cook Islands,COK,2015,21555
Cook Islands,COK,2020,21106
Costa Rica,CRI,1990,69283
Costa Rica,CRI,1995,84980
Costa Rica,CRI,2000,105227
Costa Rica,CRI,2005,117618
Costa Rica,CRI,2010,132317
Costa Rica,CRI,2015,138237
Costa Rica,CRI,2020,150241
Cote d'Ivoire,CIV,1990,366336
Cote d'Ivoire,CIV,1995,449498
Cote d'Ivoire,CIV,2000,539234
Cote d'Ivoire,CIV,2005,731962
Cote d'Ivoire,CIV,2010,939795
Cote d'Ivoire,CIV,2015,1056380
Cote d'Ivoire,CIV,2020,1149298
Croatia,HRV,1990,425544
Croatia,HRV,1995,735213
Croatia,HRV,2000,907031
Croatia,HRV,2005,839084
Croatia,HRV,2010,820407
Croatia,HRV,2015,806242
Croatia,HRV,2020,1039526
Cuba,CUB,1990,835175
Cuba,CUB,1995,934168
Cuba,CUB,2000,1047789
Cuba,CUB,2005,1160309
Cuba,CUB,2010,1314739
Cuba,CUB,2015,1505827
Cuba,CUB,2020,1757300
Curacao,CUW,1990,2104
Curacao,CUW,1995,2849
Curacao,CUW,2000,3779
Curacao,CUW,2005,4618
Curacao,CUW,2010,45248
Curacao,CUW,2015,6239
Curacao,CUW,2020,7611
Cyprus,CYP,1990,174370
Cyprus,CYP,1995,163275
Cyprus,CYP,2000,153561
Cyprus,CYP,2005,153973
Cyprus,CYP,2010,163471
Cyprus,CYP,2015,166585
Cyprus,CYP,2020,173210
Czechia,CZE,1990,564746
Czechia,CZE,1995,620286
Czechia,CZE,2000,723333
Czechia,CZE,2005,752058
Czechia,CZE,2010,779438
Czechia,CZE,2015,819776
Czechia,CZE,2020,1026108
Democratic Republic of Congo,COD,1990,436513
Democratic Republic of Congo,COD,1995,559824
Democratic Republic of Congo,COD,2000,862039
Democratic Republic of Congo,COD,2005,1130872
Democratic Republic of Congo,COD,2010,1298544
Democratic Republic of Congo,COD,2015,1572222
Democratic Republic of Congo,COD,2020,1832069
Denmark,DNK,1990,201514
Denmark,DNK,1995,207707
Denmark,DNK,2000,217761
Denmark,DNK,2005,224462
Denmark,DNK,2010,233531
Denmark,DNK,2015,236832
Denmark,DNK,2020,257025
Developed regions,,1990,51826246
Developed regions,,1995,52993691
Developed regions,,2000,54458296
Developed regions,,2005,56551836
Developed regions,,2010,60587161
Developed regions,,2015,62613012
Developed regions,,2020,69815370
Djibouti,DJI,1990,5308
Djibouti,DJI,1995,6964
Djibouti,DJI,2000,9055
Djibouti,DJI,2005,11987
Djibouti,DJI,2010,13797
Djibouti,DJI,2015,16969
Djibouti,DJI,2020,18365
Dominica,DMA,1990,40563
Dominica,DMA,1995,44210
Dominica,DMA,2000,48275
Dominica,DMA,2005,64037
Dominica,DMA,2010,73583
Dominica,DMA,2015,72585
Dominica,DMA,2020,78191
Dominican Republic,DOM,1990,458021
Dominican Republic,DOM,1995,667015
Dominican Republic,DOM,2000,889451
Dominican Republic,DOM,2005,1014070
Dominican Republic,DOM,2010,1184417
Dominican Republic,DOM,2015,1454602
Dominican Republic,DOM,2020,1608567
East Timor,TLS,1990,11261
East Timor,TLS,1995,79050
East Timor,TLS,2000,148339
East Timor,TLS,2005,94961
East Timor,TLS,2010,35037
East Timor,TLS,2015,37325
East Timor,TLS,2020,39588
Eastern Africa,,1990,7784743
Eastern Africa,,1995,7734774
Eastern Africa,,2000,6079992
Eastern Africa,,2005,6192747
Eastern Africa,,2010,7524192
Eastern Africa,,2015,9824290
Eastern Africa,,2020,12027289
Eastern Asia,,1990,7049024
Eastern Asia,,1995,8166675
Eastern Asia,,2000,9352688
Eastern Asia,,2005,11019974
Eastern Asia,,2010,12863294
Eastern Asia,,2015,14417725
Eastern Asia,,2020,14820004
Eastern Europe,,1990,24779673
Eastern Europe,,1995,24168588
Eastern Europe,,2000,23820659
Eastern Europe,,2005,25554786
Eastern Europe,,2010,27578142
Eastern Europe,,2015,28822615
Eastern Europe,,2020,32194352
Eastern and South-Eastern Asia,,1990,14774419
Eastern and South-Eastern Asia,,1995,17860923
Eastern and South-Eastern Asia,,2000,21440854
Eastern and South-Eastern Asia,,2005,25556983
Eastern and South-Eastern Asia,,2010,30977206
Eastern and South-Eastern Asia,,2015,35205590
Eastern and South-Eastern Asia,,2020,38400740
Ecuador,ECU,1990,214008
Ecuador,ECU,1995,326230
Ecuador,ECU,2000,446380
Ecuador,ECU,2005,986599
Ecuador,ECU,2010,1152897
Ecuador,ECU,2015,1130774
Ecuador,ECU,2020,1127891
Egypt,EGY,1990,1321915
Egypt,EGY,1995,1492004
Egypt,EGY,2000,1708296
Egypt,EGY,2005,1807941
Egypt,EGY,2010,2586643
Egypt,EGY,2015,3151069
Egypt,EGY,2020,3610461
El Salvador,SLV,1990,1241849
El Salvador,SLV,1995,933103
El Salvador,SLV,2000,949042
El Salvador,SLV,2005,1118793
El Salvador,SLV,2010,1337085
El Salvador,SLV,2015,1512895
El Salvador,SLV,2020,1599058
Equatorial Guinea,GNQ,1990,36175
Equatorial Guinea,GNQ,1995,46412
Equatorial Guinea,GNQ,2000,59930
Equatorial Guinea,GNQ,2005,71789
Equatorial Guinea,GNQ,2010,84390
Equatorial Guinea,GNQ,2015,116947
Equatorial Guinea,GNQ,2020,128774
Eritrea,ERI,1990,170603
Eritrea,ERI,1995,375257
Eritrea,ERI,2000,511506
Eritrea,ERI,2005,299311
Eritrea,ERI,2010,328366
Eritrea,ERI,2015,624757
Eritrea,ERI,2020,802822
Estonia,EST,1990,113860
Estonia,EST,1995,129586
Estonia,EST,2000,141821
Estonia,EST,2005,150101
Estonia,EST,2010,153633
Estonia,EST,2015,189109
Estonia,EST,2020,206631
Eswatini,SWZ,1990,35179
Eswatini,SWZ,1995,30340
Eswatini,SWZ,2000,34116
Eswatini,SWZ,2005,44861
Eswatini,SWZ,2010,69030
Eswatini,SWZ,2015,46236
Eswatini,SWZ,2020,50039
Ethiopia,ETH,1990,1689941
Ethiopia,ETH,1995,816420
Ethiopia,ETH,2000,445886
Ethiopia,ETH,2005,524038
Ethiopia,ETH,2010,680290
Ethiopia,ETH,2015,842496
Ethiopia,ETH,2020,946129
Europe,,1990,47730278
Europe,,1995,48636003
Europe,,2000,49727784
Europe,,2005,51336984
Europe,,2010,54711301
Europe,,2015,56577753
Europe,,2020,63273663
Europe and Northern America,,1990,50532413
Europe and Northern America,,1995,51582164
Europe and Northern America,,2000,52877703
Europe and Northern America,,2005,54849090
Europe and Northern America,,2010,58681104
Europe and Northern America,,2015,60592402
Europe and Northern America,,2020,67601621
Falkland Islands,FLK,1990,255
Falkland Islands,FLK,1995,760
Falkland Islands,FLK,2000,1262
Falkland Islands,FLK,2005,1095
Falkland Islands,FLK,2010,1174
Falkland Islands,FLK,2015,1370
Falkland Islands,FLK,2020,1518
Faroe Islands,FRO,1990,7518
Faroe Islands,FRO,1995,10003
Faroe Islands,FRO,2000,12410
Faroe Islands,FRO,2005,12484
Faroe Islands,FRO,2010,12364
Faroe Islands,FRO,2015,13407
Faroe Islands,FRO,2020,12927
Fiji,FJI,1990,90161
Fiji,FJI,1995,106488
Fiji,FJI,2000,131908
Fiji,FJI,2005,157045
Fiji,FJI,2010,183607
Fiji,FJI,2015,208568
Fiji,FJI,2020,233856
Finland,FIN,1990,250610
Finland,FIN,1995,288655
Finland,FIN,2000,315861
Finland,FIN,2005,300562
Finland,FIN,2010,291883
Finland,FIN,2015,282223
Finland,FIN,2020,311889
France,FRA,1990,1215837
France,FRA,1995,1353297
France,FRA,2000,1555391
France,FRA,2005,1725216
France,FRA,2010,1956818
France,FRA,2015,2119266
France,FRA,2020,2341908
French Guiana,GUF,1990,2840
French Guiana,GUF,1995,3221
French Guiana,GUF,2000,3640
French Guiana,GUF,2005,3800
French Guiana,GUF,2010,3940
French Guiana,GUF,2015,4517
French Guiana,GUF,2020,4595
French Polynesia,PYF,1990,3132
French Polynesia,PYF,1995,3738
French Polynesia,PYF,2000,4300
French Polynesia,PYF,2005,2717
French Polynesia,PYF,2010,1550
French Polynesia,PYF,2015,1978
French Polynesia,PYF,2020,2157
Gabon,GAB,1990,15347
Gabon,GAB,1995,16610
Gabon,GAB,2000,18041
Gabon,GAB,2005,41357
Gabon,GAB,2010,36933
Gabon,GAB,2015,43075
Gabon,GAB,2020,48392
Gambia,GMB,1990,36280
Gambia,GMB,1995,38384
Gambia,GMB,2000,45427
Gambia,GMB,2005,61209
Gambia,GMB,2010,77440
Gambia,GMB,2015,96963
Gambia,GMB,2020,139210
Georgia,GEO,1990,919438
Georgia,GEO,1995,953280
Georgia,GEO,2000,967022
Georgia,GEO,2005,885523
Georgia,GEO,2010,805539
Georgia,GEO,2015,828931
Georgia,GEO,2020,861077
Germany,DEU,1990,2929448
Germany,DEU,1995,3045354
Germany,DEU,2000,3235247
Germany,DEU,2005,3442933
Germany,DEU,2010,3696638
Germany,DEU,2015,3630278
Germany,DEU,2020,3855268
Ghana,GHA,1990,371157
Ghana,GHA,1995,428051
Ghana,GHA,2000,495887
Ghana,GHA,2005,665731
Ghana,GHA,2010,762002
Ghana,GHA,2015,892253
Ghana,GHA,2020,1004324
Gibraltar,GIB,1990,11989
Gibraltar,GIB,1995,10130
Gibraltar,GIB,2000,8451
Gibraltar,GIB,2005,9643
Gibraltar,GIB,2010,10197
Gibraltar,GIB,2015,11916
Gibraltar,GIB,2020,13389
Greece,GRC,1990,1022125
Greece,GRC,1995,1004201
Greece,GRC,2000,982685
Greece,GRC,2005,867619
Greece,GRC,2010,789457
Greece,GRC,2015,820119
Greece,GRC,2020,1088507
Greenland,GRL,1990,9504
Greenland,GRL,1995,11361
Greenland,GRL,2000,13388
Greenland,GRL,2005,14618
Greenland,GRL,2010,15391
Greenland,GRL,2015,16711
Greenland,GRL,2020,17866
Grenada,GRD,1990,43237
Grenada,GRD,1995,54075
Grenada,GRD,2000,63791
Grenada,GRD,2005,64646
Grenada,GRD,2010,63930
Grenada,GRD,2015,69055
Grenada,GRD,2020,62204
Guadeloupe,GLP,1990,5765
Guadeloupe,GLP,1995,6748
Guadeloupe,GLP,2000,7750
Guadeloupe,GLP,2005,8911
Guadeloupe,GLP,2010,10779
Guadeloupe,GLP,2015,11993
Guadeloupe,GLP,2020,12542
Guam,GUM,1990,1375
Guam,GUM,1995,1614
Guam,GUM,2000,2797
Guam,GUM,2005,2535
Guam,GUM,2010,2209
Guam,GUM,2015,2132
Guam,GUM,2020,2213
Guatemala,GTM,1990,348189
Guatemala,GTM,1995,461891
Guatemala,GTM,2000,582796
Guatemala,GTM,2005,736715
Guatemala,GTM,2010,924898
Guatemala,GTM,2015,1118115
Guatemala,GTM,2020,1368431
Guinea,GIN,1990,352763
Guinea,GIN,1995,365862
Guinea,GIN,2000,377019
Guinea,GIN,2005,404677
Guinea,GIN,2010,455866
Guinea,GIN,2015,493411
Guinea,GIN,2020,550790
Guinea-Bissau,GNB,1990,55406
Guinea-Bissau,GNB,1995,67149
Guinea-Bissau,GNB,2000,77664
Guinea-Bissau,GNB,2005,82846
Guinea-Bissau,GNB,2010,91546
Guinea-Bissau,GNB,2015,98151
Guinea-Bissau,GNB,2020,111790
Guyana,GUY,1990,233318
Guyana,GUY,1995,295292
Guyana,GUY,2000,362157
Guyana,GUY,2005,392555
Guyana,GUY,2010,439233
Guyana,GUY,2015,481258
Guyana,GUY,2020,438413
Haiti,HTI,1990,524711
Haiti,HTI,1995,661354
Haiti,HTI,2000,802218
Haiti,HTI,2005,967894
Haiti,HTI,2010,1123190
Haiti,HTI,2015,1467042
Haiti,HTI,2020,1769671
High-income countries,,1990,34008977
High-income countries,,1995,35677967
High-income countries,,2000,38024485
High-income countries,,2005,40882214
High-income countries,,2010,45649196
High-income countries,,2015,47356719
High-income countries,,2020,52808019
Honduras,HND,1990,156379
Honduras,HND,1995,246575
Honduras,HND,2000,342103
Honduras,HND,2005,448882
Honduras,HND,2010,587503
Honduras,HND,2015,729855
Honduras,HND,2020,985077
Hong Kong,HKG,1990,549125
Hong Kong,HKG,1995,617237
Hong Kong,HKG,2000,685913
Hong Kong,HKG,2005,752476
Hong Kong,HKG,2010,862070
Hong Kong,HKG,2015,957289
Hong Kong,HKG,2020,1007788
Hungary,HUN,1990,391583
Hungary,HUN,1995,404141
Hungary,HUN,2000,420959
Hungary,HUN,2005,466530
Hungary,HUN,2010,511199
Hungary,HUN,2015,600887
Hungary,HUN,2020,714420
Iceland,ISL,1990,17597
Iceland,ISL,1995,21433
Iceland,ISL,2000,26173
Iceland,ISL,2005,28669
Iceland,ISL,2010,32454
Iceland,ISL,2015,37006
Iceland,ISL,2020,43251
India,IND,1990,6619431
India,IND,1995,7153439
India,IND,2000,7928051
India,IND,2005,9588533
India,IND,2010,13221963
India,IND,2015,15885657
India,IND,2020,17869492
Indonesia,IDN,1990,1622259
Indonesia,IDN,1995,1937233
Indonesia,IDN,2000,2415077
Indonesia,IDN,2005,2781287
Indonesia,IDN,2010,3415963
Indonesia,IDN,2015,4065095
Indonesia,IDN,2020,4601369
Iran,IRN,1990,631196
Iran,IRN,1995,746739
Iran,IRN,2000,831205
Iran,IRN,2005,889502
Iran,IRN,2010,985691
Iran,IRN,2015,1155617
Iran,IRN,2020,1325113
Iraq,IRQ,1990,642933
Iraq,IRQ,1995,752604
Iraq,IRQ,2000,828414
Iraq,IRQ,2005,1340599
Iraq,IRQ,2010,2554929
Iraq,IRQ,2015,1675613
Iraq,IRQ,2020,2077976
Ireland,IRL,1990,917101
Ireland,IRL,1995,863541
Ireland,IRL,2000,820657
Ireland,IRL,2005,769942
Ireland,IRL,2010,729466
Ireland,IRL,2015,736639
Ireland,IRL,2020,734317
Isle of Man,IMN,1990,10735
Isle of Man,IMN,1995,9003
Isle of Man,IMN,2000,7377
Isle of Man,IMN,2005,8484
Isle of Man,IMN,2010,9033
Isle of Man,IMN,2015,10580
Isle of Man,IMN,2020,12032
Israel,ISR,1990,279625
Israel,ISR,1995,290365
Israel,ISR,2000,303860
Israel,ISR,2005,317009
Israel,ISR,2010,333968
Israel,ISR,2015,331326
Israel,ISR,2020,358691
Italy,ITA,1990,3350982
Italy,ITA,1995,3207728
Italy,ITA,2000,3067498
Italy,ITA,2005,2698486
Italy,ITA,2010,2559233
Italy,ITA,2015,2662661
Italy,ITA,2020,3258831
Jamaica,JAM,1990,588450
Jamaica,JAM,1995,718362
Jamaica,JAM,2000,857865
Jamaica,JAM,2005,905170
Jamaica,JAM,2010,989790
Jamaica,JAM,2015,1031596
Jamaica,JAM,2020,1118931
Japan,JPN,1990,604803
Japan,JPN,1995,653293
Japan,JPN,2000,708933
Japan,JPN,2005,718466
Japan,JPN,2010,756792
Japan,JPN,2015,764408
Japan,JPN,2020,808825
Jordan,JOR,1990,313621
Jordan,JOR,1995,339026
Jordan,JOR,2000,368299
Jordan,JOR,2005,440788
Jordan,JOR,2010,602099
Jordan,JOR,2015,706832
Jordan,JOR,2020,814909
Kazakhstan,KAZ,1990,2971634
Kazakhstan,KAZ,1995,3295157
Kazakhstan,KAZ,2000,3554484
Kazakhstan,KAZ,2005,3717649
Kazakhstan,KAZ,2010,3797527
Kazakhstan,KAZ,2015,3885576
Kazakhstan,KAZ,2020,4203899
Kenya,KEN,1990,250332
Kenya,KEN,1995,277647
Kenya,KEN,2000,317434
Kenya,KEN,2005,362031
Kenya,KEN,2010,442632
Kenya,KEN,2015,480647
Kenya,KEN,2020,535348
Kiribati,KIR,1990,4053
Kiribati,KIR,1995,4246
Kiribati,KIR,2000,3991
Kiribati,KIR,2005,4021
Kiribati,KIR,2010,3565
Kiribati,KIR,2015,4127
Kiribati,KIR,2020,5103
Kuwait,KWT,1990,81583
Kuwait,KWT,1995,97009
Kuwait,KWT,2000,113415
Kuwait,KWT,2005,129005
Kuwait,KWT,2010,177816
Kuwait,KWT,2015,195034
Kuwait,KWT,2020,212271
Kyrgyzstan,KGZ,1990,522574
Kyrgyzstan,KGZ,1995,550022
Kyrgyzstan,KGZ,2000,566315
Kyrgyzstan,KGZ,2005,652852
Kyrgyzstan,KGZ,2010,726544
Kyrgyzstan,KGZ,2015,742841
Kyrgyzstan,KGZ,2020,774377
Land-locked Developing Countries (LLDC),,1990,25086015
Land-locked Developing Countries (LLDC),,1995,23874777
Land-locked Developing Countries (LLDC),,2000,23134479
Land-locked Developing Countries (LLDC),,2005,24288062
Land-locked Developing Countries (LLDC),,2010,27740905
Land-locked Developing Countries (LLDC),,2015,31336289
Land-locked Developing Countries (LLDC),,2020,35277768
Laos,LAO,1990,483008
Laos,LAO,1995,547786
Laos,LAO,2000,649287
Laos,LAO,2005,897002
Laos,LAO,2010,1198862
Laos,LAO,2015,1288179
Laos,LAO,2020,1296051
Latin America and the Caribbean,,1990,15273399
Latin America and the Caribbean,,1995,19669704
Latin America and the Caribbean,,2000,24628700
Latin America and the Caribbean,,2005,29338206
Latin America and the Caribbean,,2010,34637650
Latin America and the Caribbean,,2015,36206000
Latin America and the Caribbean,,2020,42890481
Latvia,LVA,1990,215070
Latvia,LVA,1995,228958
Latvia,LVA,2000,238641
Latvia,LVA,2005,270982
Latvia,LVA,2010,278168
Latvia,LVA,2015,369238
Latvia,LVA,2020,380010
Least developed countries,,1990,29823372
Least developed countries,,1995,28117338
Least developed countries,,2000,28062489
Least developed countries,,2005,29949899
Least developed countries,,2010,35497699
Least developed countries,,2015,41482680
Least developed countries,,2020,47604597
Lebanon,LBN,1990,507722
Lebanon,LBN,1995,531538
Lebanon,LBN,2000,558891
Lebanon,LBN,2005,608856
Lebanon,LBN,2010,699704
Lebanon,LBN,2015,757183
Lebanon,LBN,2020,856814
Lesotho,LSO,1990,191328
Lesotho,LSO,1995,136593
Lesotho,LSO,2000,120565
Lesotho,LSO,2005,159071
Lesotho,LSO,2010,243128
Lesotho,LSO,2015,191457
Lesotho,LSO,2020,202164
Less developed regions,,1990,92519577
Less developed regions,,1995,100818788
Less developed regions,,2000,111708559
Less developed regions,,2005,127074327
Less developed regions,,2010,151638790
Less developed regions,,2015,174426790
Less developed regions,,2020,198125584
"Less developed regions, excluding China",,1990,87652367
"Less developed regions, excluding China",,1995,95081133
"Less developed regions, excluding China",,2000,105043210
"Less developed regions, excluding China",,2005,118876449
"Less developed regions, excluding China",,2010,141938473
"Less developed regions, excluding China",,2015,163095388
"Less developed regions, excluding China",,2020,186511434
"Less developed regions, excluding least developed countries",,1990,62696205
"Less developed regions, excluding least developed countries",,1995,72701450
"Less developed regions, excluding least developed countries",,2000,83646070
"Less developed regions, excluding least developed countries",,2005,97124428
"Less developed regions, excluding least developed countries",,2010,116141091
"Less developed regions, excluding least developed countries",,2015,132944110
"Less developed regions, excluding least developed countries",,2020,150520987
Liberia,LBR,1990,516878
Liberia,LBR,1995,542295
Liberia,LBR,2000,248412
Liberia,LBR,2005,354792
Liberia,LBR,2010,219139
Liberia,LBR,2015,205741
Liberia,LBR,2020,233564
Libya,LBY,1990,76239
Libya,LBY,1995,77398
Libya,LBY,2000,80014
Libya,LBY,2005,100248
Libya,LBY,2010,127399
Libya,LBY,2015,152544
Libya,LBY,2020,185518
Liechtenstein,LIE,1990,3425
Liechtenstein,LIE,1995,3018
Liechtenstein,LIE,2000,2688
Liechtenstein,LIE,2005,2935
Liechtenstein,LIE,2010,3590
Liechtenstein,LIE,2015,3536
Liechtenstein,LIE,2020,3706
Lithuania,LTU,1990,340973
Lithuania,LTU,1995,342389
Lithuania,LTU,2000,348564
Lithuania,LTU,2005,412371
Lithuania,LTU,2010,517746
Lithuania,LTU,2015,556292
Lithuania,LTU,2020,658057
Low-income countries,,1990,21142448
Low-income countries,,1995,18959483
Low-income countries,,2000,18002895
Low-income countries,,2005,18605623
Low-income countries,,2010,21718616
Low-income countries,,2015,31399947
Low-income countries,,2020,37419672
Lower-middle-income countries,,1990,42707281
Lower-middle-income countries,,1995,45870487
Lower-middle-income countries,,2000,50294136
Lower-middle-income countries,,2005,58177438
Lower-middle-income countries,,2010,70406484
Lower-middle-income countries,,2015,80405824
Lower-middle-income countries,,2020,89747316
Luxembourg,LUX,1990,36108
Luxembourg,LUX,1995,37875
Luxembourg,LUX,2000,39762
Luxembourg,LUX,2005,52806
Luxembourg,LUX,2010,62048
Luxembourg,LUX,2015,69366
Luxembourg,LUX,2020,81757
Macao,MAC,1990,86460
Macao,MAC,1995,90097
Macao,MAC,2000,94517
Macao,MAC,2005,108191
Macao,MAC,2010,123599
Macao,MAC,2015,133296
Macao,MAC,2020,145192
Madagascar,MDG,1990,59415
Madagascar,MDG,1995,67324
Madagascar,MDG,2000,77089
Madagascar,MDG,2005,148805
Madagascar,MDG,2010,160819
Madagascar,MDG,2015,175868
Madagascar,MDG,2020,193526
Malawi,MWI,1990,143436
Malawi,MWI,1995,150825
Malawi,MWI,2000,186229
Malawi,MWI,2005,222023
Malawi,MWI,2010,260531
Malawi,MWI,2015,297471
Malawi,MWI,2020,311052
Malaysia,MYS,1990,560353
Malaysia,MYS,1995,861208
Malaysia,MYS,2000,1201135
Malaysia,MYS,2005,1379305
Malaysia,MYS,2010,1599061
Malaysia,MYS,2015,1781038
Malaysia,MYS,2020,1860037
Maldives,MDV,1990,2192
Maldives,MDV,1995,1687
Maldives,MDV,2000,1216
Maldives,MDV,2005,2212
Maldives,MDV,2010,3543
Maldives,MDV,2015,3606
Maldives,MDV,2020,3715
Mali,MLI,1990,647426
Mali,MLI,1995,820564
Mali,MLI,2000,772866
Mali,MLI,2005,895360
Mali,MLI,2010,994832
Mali,MLI,2015,1228544
Mali,MLI,2020,1303511
Malta,MLT,1990,110738
Malta,MLT,1995,109839
Malta,MLT,2000,104869
Malta,MLT,2005,100245
Malta,MLT,2010,99294
Malta,MLT,2015,93554
Malta,MLT,2020,102793
Marshall Islands,MHL,1990,1426
Marshall Islands,MHL,1995,4154
Marshall Islands,MHL,2000,6976
Marshall Islands,MHL,2005,6654
Marshall Islands,MHL,2010,6492
Marshall Islands,MHL,2015,7625
Marshall Islands,MHL,2020,10886
Martinique,MTQ,1990,11036
Martinique,MTQ,1995,12501
Martinique,MTQ,2000,14019
Martinique,MTQ,2005,14340
Martinique,MTQ,2010,14637
Martinique,MTQ,2015,12675
Martinique,MTQ,2020,12963
Mauritania,MRT,1990,134478
Mauritania,MRT,1995,151710
Mauritania,MRT,2000,107607
Mauritania,MRT,2005,103107
Mauritania,MRT,2010,114192
Mauritania,MRT,2015,114630
Mauritania,MRT,2020,130226
Mauritius,MUS,1990,110707
Mauritius,MUS,1995,114073
Mauritius,MUS,2000,119003
Mauritius,MUS,2005,130649
Mauritius,MUS,2010,148186
Mauritius,MUS,2015,165869
Mauritius,MUS,2020,182973
Mayotte,MYT,1990,1835
Mayotte,MYT,1995,3937
Mayotte,MYT,2000,6214
Mayotte,MYT,2005,6468
Mayotte,MYT,2010,6342
Mayotte,MYT,2015,6545
Mayotte,MYT,2020,6767
Melanesia,OWID_MNS,1990,104497
Melanesia,OWID_MNS,1995,123300
Melanesia,OWID_MNS,2000,150371
Melanesia,OWID_MNS,2005,177020
Melanesia,OWID_MNS,2010,204278
Melanesia,OWID_MNS,2015,229769
Melanesia,OWID_MNS,2020,256021
Mexico,MEX,1990,4395355
Mexico,MEX,1995,6949276
Mexico,MEX,2000,9562878
Mexico,MEX,2005,10817810
Mexico,MEX,2010,12415222
Mexico,MEX,2015,11923234
Mexico,MEX,2020,11185737
Micronesia,,1990,21460
Micronesia,,1995,29154
Micronesia,,2000,39034
Micronesia,,2005,39932
Micronesia,,2010,39030
Micronesia,,2015,41950
Micronesia,,2020,50998
Micronesia (country),FSM,1990,7713
Micronesia (country),FSM,1995,12138
Micronesia (country),FSM,2000,16914
Micronesia (country),FSM,2005,18346
Micronesia (country),FSM,2010,19404
Micronesia (country),FSM,2015,20633
Micronesia (country),FSM,2020,24945
Middle Africa,,1990,1922243
Middle Africa,,1995,1857602
Middle Africa,,2000,2439360
Middle Africa,,2005,2726556
Middle Africa,,2010,3007543
Middle Africa,,2015,3816990
Middle Africa,,2020,4420662
Middle-income countries,,1990,88958999
Middle-income countries,,1995,98929758
Middle-income countries,,2000,109879954
Middle-income countries,,2005,123912679
Middle-income countries,,2010,144581899
Middle-income countries,,2015,157981964
Middle-income countries,,2020,177395834
Moldova,MDA,1990,625680
Moldova,MDA,1995,620030
Moldova,MDA,2000,602773
Moldova,MDA,2005,715496
Moldova,MDA,2010,827409
Moldova,MDA,2015,929759
Moldova,MDA,2020,1159443
Monaco,MCO,1990,4475
Monaco,MCO,1995,4784
Monaco,MCO,2000,5124
Monaco,MCO,2005,19103
Monaco,MCO,2010,26954
Monaco,MCO,2015,29317
Monaco,MCO,2020,32552
Mongolia,MNG,1990,24466
Mongolia,MNG,1995,27694
Mongolia,MNG,2000,30648
Mongolia,MNG,2005,42354
Mongolia,MNG,2010,57405
Mongolia,MNG,2015,65485
Mongolia,MNG,2020,82098
Montenegro,MNE,1990,77384
Montenegro,MNE,1995,144640
Montenegro,MNE,2000,183451
Montenegro,MNE,2005,148013
Montenegro,MNE,2010,148754
Montenegro,MNE,2015,134028
Montenegro,MNE,2020,132965
Montserrat,MSR,1990,7178
Montserrat,MSR,1995,11586
Montserrat,MSR,2000,16132
Montserrat,MSR,2005,15810
Montserrat,MSR,2010,17378
Montserrat,MSR,2015,20136
Montserrat,MSR,2020,24582
Morocco,MAR,1990,1748116
Morocco,MAR,1995,1883924
Morocco,MAR,2000,2077010
Morocco,MAR,2005,2470656
Morocco,MAR,2010,2860702
Morocco,MAR,2015,2971770
Morocco,MAR,2020,3262222
Mozambique,MOZ,1990,2222354
Mozambique,MOZ,1995,812685
Mozambique,MOZ,2000,644421
Mozambique,MOZ,2005,662951
Mozambique,MOZ,2010,797808
Mozambique,MOZ,2015,596949
Mozambique,MOZ,2020,640160
Myanmar,MMR,1990,685308
Myanmar,MMR,1995,911445
Myanmar,MMR,2000,1224310
Myanmar,MMR,2005,1736590
Myanmar,MMR,2010,2492274
Myanmar,MMR,2015,2842494
Myanmar,MMR,2020,3711751
Namibia,NAM,1990,16077
Namibia,NAM,1995,28220
Namibia,NAM,2000,49348
Namibia,NAM,2005,65598
Namibia,NAM,2010,99599
Namibia,NAM,2015,50410
Namibia,NAM,2020,47770
Nauru,NRU,1990,1419
Nauru,NRU,1995,1511
Nauru,NRU,2000,1593
Nauru,NRU,2005,1869
Nauru,NRU,2010,2130
Nauru,NRU,2015,2267
Nauru,NRU,2020,2454
Nepal,NPL,1990,748053
Nepal,NPL,1995,856028
Nepal,NPL,2000,977396
Nepal,NPL,2005,1289629
Nepal,NPL,2010,1712697
Nepal,NPL,2015,2270166
Nepal,NPL,2020,2599701
Netherlands,NLD,1990,716471
Netherlands,NLD,1995,726856
Netherlands,NLD,2000,747631
Netherlands,NLD,2005,790554
Netherlands,NLD,2010,854388
Netherlands,NLD,2015,867093
Netherlands,NLD,2020,970403
New Caledonia,NCL,1990,4148
New Caledonia,NCL,1995,4600
New Caledonia,NCL,2000,4941
New Caledonia,NCL,2005,5219
New Caledonia,NCL,2010,5377
New Caledonia,NCL,2015,5584
New Caledonia,NCL,2020,5839
New Zealand,NZL,1990,388017
New Zealand,NZL,1995,416922
New Zealand,NZL,2000,489824
New Zealand,NZL,2005,555511
New Zealand,NZL,2010,662316
New Zealand,NZL,2015,738044
New Zealand,NZL,2020,806159
Nicaragua,NIC,1990,441488
Nicaragua,NIC,1995,437711
Nicaragua,NIC,2000,501517
Nicaragua,NIC,2005,555532
Nicaragua,NIC,2010,610211
Nicaragua,NIC,2015,655577
Nicaragua,NIC,2020,718154
Niger,NER,1990,149777
Niger,NER,1995,177067
Niger,NER,2000,205236
Niger,NER,2005,304086
Niger,NER,2010,335897
Niger,NER,2015,374993
Niger,NER,2020,399707
Nigeria,NGA,1990,446753
Nigeria,NGA,1995,524535
Nigeria,NGA,2000,610130
Nigeria,NGA,2005,817392
Nigeria,NGA,2010,996914
Nigeria,NGA,2015,1306526
Nigeria,NGA,2020,1670455
Niue,NIU,1990,5858
Niue,NIU,1995,5571
Niue,NIU,2000,5749
Niue,NIU,2005,5291
Niue,NIU,2010,5347
Niue,NIU,2015,5348
Niue,NIU,2020,5186
North Korea,PRK,1990,39383
North Korea,PRK,1995,53797
North Korea,PRK,2000,72350
North Korea,PRK,2005,86763
North Korea,PRK,2010,96459
North Korea,PRK,2015,103898
North Korea,PRK,2020,110377
North Macedonia,MKD,1990,432070
North Macedonia,MKD,1995,491992
North Macedonia,MKD,2000,532132
North Macedonia,MKD,2005,458822
North Macedonia,MKD,2010,526151
North Macedonia,MKD,2015,563354
North Macedonia,MKD,2020,693896
Northern Africa,,1990,5286657
Northern Africa,,1995,5852421
Northern Africa,,2000,6441989
Northern Africa,,2005,7966421
Northern Africa,,2010,9251128
Northern Africa,,2015,10914748
Northern Africa,,2020,12282625
Northern Africa and Western Asia,,1990,16365218
Northern Africa and Western Asia,,1995,18069437
Northern Africa and Western Asia,,2000,19437054
Northern Africa and Western Asia,,2005,21867791
Northern Africa and Western Asia,,2010,25313711
Northern Africa and Western Asia,,2015,32606047
Northern Africa and Western Asia,,2020,37563820
Northern America,,1990,2802135
Northern America,,1995,2946161
Northern America,,2000,3149919
Northern America,,2005,3512106
Northern America,,2010,3969803
Northern America,,2015,4014649
Northern America,,2020,4327958
Northern Europe,,1990,6227251
Northern Europe,,1995,6202247
Northern Europe,,2000,6422540
Northern Europe,,2005,6780094
Northern Europe,,2010,7178780
Northern Europe,,2015,7315147
Northern Europe,,2020,7884780
Northern Mariana Islands,MNP,1990,2517
Northern Mariana Islands,MNP,1995,2647
Northern Mariana Islands,MNP,2000,2765
Northern Mariana Islands,MNP,2005,2725
Northern Mariana Islands,MNP,2010,2611
Northern Mariana Islands,MNP,2015,2607
Northern Mariana Islands,MNP,2020,2741
Norway,NOR,1990,138289
Norway,NOR,1995,151041
Norway,NOR,2000,163834
Norway,NOR,2005,174063
Norway,NOR,2010,179971
Norway,NOR,2015,185578
Norway,NOR,2020,191392
Oceania,,1990,961547
Oceania,,1995,1071295
Oceania,,2000,1246836
Oceania,,2005,1391418
Oceania,,2010,1591168
Oceania,,2015,1751422
Oceania,,2020,1970205
Oceania (excluding Australia and New Zealand),,1990,272517
Oceania (excluding Australia and New Zealand),,1995,313061
Oceania (excluding Australia and New Zealand),,2000,375176
Oceania (excluding Australia and New Zealand),,2005,407138
Oceania (excluding Australia and New Zealand),,2010,441903
Oceania (excluding Australia and New Zealand),,2015,495220
Oceania (excluding Australia and New Zealand),,2020,565281
Oman,OMN,1990,12504
Oman,OMN,1995,13844
Oman,OMN,2000,15623
Oman,OMN,2005,18824
Oman,OMN,2010,20752
Oman,OMN,2015,22797
Oman,OMN,2020,25099
Other,,1990,8640334
Other,,1995,7477497
Other,,2000,7063730
Other,,2005,7820665
Other,,2010,8757236
Other,,2015,10918842
Other,,2020,12657151
Pakistan,PAK,1990,3341086
Pakistan,PAK,1995,3340157
Pakistan,PAK,2000,3406434
Pakistan,PAK,2005,3777830
Pakistan,PAK,2010,4790584
Pakistan,PAK,2015,5798210
Pakistan,PAK,2020,6328400
Palau,PLW,1990,2957
Palau,PLW,1995,2844
Palau,PLW,2000,3998
Palau,PLW,2005,3782
Palau,PLW,2010,2619
Palau,PLW,2015,2559
Palau,PLW,2020,2656
Palestine,PSE,1990,1812673
Palestine,PSE,1995,2274589
Palestine,PSE,2000,2767331
Palestine,PSE,2005,3258102
Palestine,PSE,2010,3539908
Palestine,PSE,2015,3773988
Palestine,PSE,2020,4022791
Panama,PAN,1990,134392
Panama,PAN,1995,132978
Panama,PAN,2000,136929
Panama,PAN,2005,131417
Panama,PAN,2010,139844
Panama,PAN,2015,150210
Panama,PAN,2020,139520
Papua New Guinea,PNG,1990,3107
Papua New Guinea,PNG,1995,4059
Papua New Guinea,PNG,2000,4552
Papua New Guinea,PNG,2005,4493
Papua New Guinea,PNG,2010,4231
Papua New Guinea,PNG,2015,4980
Papua New Guinea,PNG,2020,4810
Paraguay,PRY,1990,297742
Paraguay,PRY,1995,335845
Paraguay,PRY,2000,374675
Paraguay,PRY,2005,545698
Paraguay,PRY,2010,765811
Paraguay,PRY,2015,845591
Paraguay,PRY,2020,896484
Peru,PER,1990,313209
Peru,PER,1995,505474
Peru,PER,2000,694144
Peru,PER,2005,969002
Peru,PER,2010,1299095
Peru,PER,2015,1410199
Peru,PER,2020,1519635
Philippines,PHL,1990,2012499
Philippines,PHL,1995,2481963
Philippines,PHL,2000,3062665
Philippines,PHL,2005,3684528
Philippines,PHL,2010,4692695
Philippines,PHL,2015,5498232
Philippines,PHL,2020,6094307
Poland,POL,1990,1673426
Poland,POL,1995,1775774
Poland,POL,2000,2047626
Poland,POL,2005,2884657
Poland,POL,2010,3716338
Poland,POL,2015,4077038
Poland,POL,2020,4825096
Polynesia,OWID_PYA,1990,146560
Polynesia,OWID_PYA,1995,160607
Polynesia,OWID_PYA,2000,185771
Polynesia,OWID_PYA,2005,190186
Polynesia,OWID_PYA,2010,198595
Polynesia,OWID_PYA,2015,223501
Polynesia,OWID_PYA,2020,258262
Portugal,PRT,1990,1871869
Portugal,PRT,1995,1920865
Portugal,PRT,2000,1993793
Portugal,PRT,2005,1743009
Portugal,PRT,2010,1927397
Portugal,PRT,2015,1971655
Portugal,PRT,2020,2081419
Puerto Rico,PRI,1990,1200245
Puerto Rico,PRI,1995,1405619
Puerto Rico,PRI,2000,1600058
Puerto Rico,PRI,2005,1640015
Puerto Rico,PRI,2010,1731818
Puerto Rico,PRI,2015,1715817
Puerto Rico,PRI,2020,1850529
Qatar,QAT,1990,12175
Qatar,QAT,1995,13302
Qatar,QAT,2000,14680
Qatar,QAT,2005,17131
Qatar,QAT,2010,20674
Qatar,QAT,2015,23574
Qatar,QAT,2020,25705
Reunion,REU,1990,3087
Reunion,REU,1995,2623
Reunion,REU,2000,2360
Reunion,REU,2005,2556
Reunion,REU,2010,2749
Reunion,REU,2015,2907
Reunion,REU,2020,3064
Romania,ROU,1990,811853
Romania,ROU,1995,976732
Romania,ROU,2000,1138825
Romania,ROU,2005,2105906
Romania,ROU,2010,3363361
Romania,ROU,2015,3420714
Romania,ROU,2020,3987093
Russia,RUS,1990,12653331
Russia,RUS,1995,11587959
Russia,RUS,2000,10664764
Russia,RUS,2005,10302948
Russia,RUS,2010,10118680
Russia,RUS,2015,10179999
Russia,RUS,2020,10756697
Rwanda,RWA,1990,547717
Rwanda,RWA,1995,2060363
Rwanda,RWA,2000,318198
Rwanda,RWA,2005,289100
Rwanda,RWA,2010,334244
Rwanda,RWA,2015,503667
Rwanda,RWA,2020,492489
Saint Barthelemy,BLM,1990,0
Saint Barthelemy,BLM,1995,0
Saint Barthelemy,BLM,2000,0
Saint Barthelemy,BLM,2005,0
Saint Barthelemy,BLM,2010,0
Saint Barthelemy,BLM,2015,0
Saint Barthelemy,BLM,2020,0
Saint Helena,SHN,1990,884
Saint Helena,SHN,1995,2207
Saint Helena,SHN,2000,3715
Saint Helena,SHN,2005,3268
Saint Helena,SHN,2010,3607
Saint Helena,SHN,2015,4285
Saint Helena,SHN,2020,4885
Saint Kitts and Nevis,KNA,1990,18618
Saint Kitts and Nevis,KNA,1995,24662
Saint Kitts and Nevis,KNA,2000,30867
Saint Kitts and Nevis,KNA,2005,33317
Saint Kitts and Nevis,KNA,2010,35795
Saint Kitts and Nevis,KNA,2015,40211
Saint Kitts and Nevis,KNA,2020,50285
Saint Lucia,LCA,1990,21999
Saint Lucia,LCA,1995,30672
Saint Lucia,LCA,2000,39556
Saint Lucia,LCA,2005,46897
Saint Lucia,LCA,2010,50318
Saint Lucia,LCA,2015,57939
Saint Lucia,LCA,2020,71227
Saint Martin (French part),MAF,1990,0
Saint Martin (French part),MAF,1995,0
Saint Martin (French part),MAF,2000,0
Saint Martin (French part),MAF,2005,0
Saint Martin (French part),MAF,2010,0
Saint Martin (French part),MAF,2015,0
Saint Martin (French part),MAF,2020,0
Saint Pierre and Miquelon,SPM,1990,483
Saint Pierre and Miquelon,SPM,1995,477
Saint Pierre and Miquelon,SPM,2000,484
Saint Pierre and Miquelon,SPM,2005,426
Saint Pierre and Miquelon,SPM,2010,390
Saint Pierre and Miquelon,SPM,2015,400
Saint Pierre and Miquelon,SPM,2020,433
Saint Vincent and the Grenadines,VCT,1990,37010
Saint Vincent and the Grenadines,VCT,1995,45669
Saint Vincent and the Grenadines,VCT,2000,53543
Saint Vincent and the Grenadines,VCT,2005,55611
Saint Vincent and the Grenadines,VCT,2010,55435
Saint Vincent and the Grenadines,VCT,2015,62292
Saint Vincent and the Grenadines,VCT,2020,55525
Samoa,WSM,1990,74861
Samoa,WSM,1995,81952
Samoa,WSM,2000,94541
Samoa,WSM,2005,99230
Samoa,WSM,2010,104820
Samoa,WSM,2015,116855
Samoa,WSM,2020,135732
San Marino,SMR,1990,1413
San Marino,SMR,1995,2456
San Marino,SMR,2000,3494
San Marino,SMR,2005,2907
San Marino,SMR,2010,2266
San Marino,SMR,2015,3688
San Marino,SMR,2020,2407
Sao Tome and Principe,STP,1990,13965
Sao Tome and Principe,STP,1995,19261
Sao Tome and Principe,STP,2000,25145
Sao Tome and Principe,STP,2005,29859
Sao Tome and Principe,STP,2010,30928
Sao Tome and Principe,STP,2015,35162
Sao Tome and Principe,STP,2020,39608
Saudi Arabia,SAU,1990,107045
Saudi Arabia,SAU,1995,130911
Saudi Arabia,SAU,2000,153614
Saudi Arabia,SAU,2005,178744
Saudi Arabia,SAU,2010,215338
Saudi Arabia,SAU,2015,282906
Saudi Arabia,SAU,2020,299268
Senegal,SEN,1990,370243
Senegal,SEN,1995,359061
Senegal,SEN,2000,394608
Senegal,SEN,2005,470508
Senegal,SEN,2010,547495
Senegal,SEN,2015,594507
Senegal,SEN,2020,693765
Serbia,SRB,1990,742547
Serbia,SRB,1995,914112
Serbia,SRB,2000,1131919
Serbia,SRB,2005,960621
Serbia,SRB,2010,936001
Serbia,SRB,2015,826891
Serbia,SRB,2020,1003962
Seychelles,SYC,1990,35633
Seychelles,SYC,1995,27798
Seychelles,SYC,2000,19244
Seychelles,SYC,2005,23487
Seychelles,SYC,2010,25932
Seychelles,SYC,2015,27483
Seychelles,SYC,2020,29258
Sierra Leone,SLE,1990,61853
Sierra Leone,SLE,1995,457827
Sierra Leone,SLE,2000,509098
Sierra Leone,SLE,2005,151886
Sierra Leone,SLE,2010,126730
Sierra Leone,SLE,2015,139296
Sierra Leone,SLE,2020,152486
Singapore,SGP,1990,156444
Singapore,SGP,1995,168100
Singapore,SGP,2000,192930
Singapore,SGP,2005,235683
Singapore,SGP,2010,282421
Singapore,SGP,2015,324639
Singapore,SGP,2020,348464
Sint Maarten (Dutch part),SXM,1990,707
Sint Maarten (Dutch part),SXM,1995,914
Sint Maarten (Dutch part),SXM,2000,1186
Sint Maarten (Dutch part),SXM,2005,1246
Sint Maarten (Dutch part),SXM,2010,3303
Sint Maarten (Dutch part),SXM,2015,1929
Sint Maarten (Dutch part),SXM,2020,2191
Slovakia,SVK,1990,132977
Slovakia,SVK,1995,191610
Slovakia,SVK,2000,251533
Slovakia,SVK,2005,271828
Slovakia,SVK,2010,260656
Slovakia,SVK,2015,347385
Slovakia,SVK,2020,419651
Slovenia,SVN,1990,91447
Slovenia,SVN,1995,108611
Slovenia,SVN,2000,118659
Slovenia,SVN,2005,119399
Slovenia,SVN,2010,122948
Slovenia,SVN,2015,136538
Slovenia,SVN,2020,160197
Small island developing States (SIDS),,1990,5452503
Small island developing States (SIDS),,1995,6572361
Small island developing States (SIDS),,2000,7793822
Small island developing States (SIDS),,2005,8501316
Small island developing States (SIDS),,2010,9401155
Small island developing States (SIDS),,2015,10467162
Small island developing States (SIDS),,2020,11559408
Solomon Islands,SLB,1990,2212
Solomon Islands,SLB,1995,2542
Solomon Islands,SLB,2000,2728
Solomon Islands,SLB,2005,2999
Solomon Islands,SLB,2010,3371
Solomon Islands,SLB,2015,3886
Solomon Islands,SLB,2020,4270
Somalia,SOM,1990,848055
Somalia,SOM,1995,968956
Somalia,SOM,2000,1006128
Somalia,SOM,2005,1060953
Somalia,SOM,2010,1595328
Somalia,SOM,2015,2008490
Somalia,SOM,2020,2034221
South Africa,ZAF,1990,308120
South Africa,ZAF,1995,385988
South Africa,ZAF,2000,501600
South Africa,ZAF,2005,601803
South Africa,ZAF,2010,743807
South Africa,ZAF,2015,786554
South Africa,ZAF,2020,914901
South America,,1990,4310588
South America,,1995,5345387
South America,,2000,6433510
South America,,2005,8852885
South America,,2010,11159697
South America,,2015,11779471
South America,,2020,17612735
South Korea,KOR,1990,1513162
South Korea,KOR,1995,1694236
South Korea,KOR,2000,1875408
South Korea,KOR,2005,1974513
South Korea,KOR,2010,2252321
South Korea,KOR,2015,2152532
South Korea,KOR,2020,2204554
South Sudan,SSD,1990,514943
South Sudan,SSD,1995,438044
South Sudan,SSD,2000,342628
South Sudan,SSD,2005,228537
South Sudan,SSD,2010,402616
South Sudan,SSD,2015,1060678
South Sudan,SSD,2020,2575870
South-Eastern Asia,,1990,7725395
South-Eastern Asia,,1995,9694248
South-Eastern Asia,,2000,12088166
South-Eastern Asia,,2005,14537009
South-Eastern Asia,,2010,18113912
South-Eastern Asia,,2015,20787865
South-Eastern Asia,,2020,23580736
Southern Africa,,1990,576752
Southern Africa,,1995,604456
Southern Africa,,2000,732312
Southern Africa,,2005,904614
Southern Africa,,2010,1199813
Southern Africa,,2015,1129951
Southern Africa,,2020,1278435
Southern Asia,,1990,25384128
Southern Asia,,1995,22910124
Southern Asia,,2000,24435349
Southern Asia,,2005,26428791
Southern Asia,,2010,33850093
Southern Asia,,2015,39053098
Southern Asia,,2020,43394045
Southern Europe,,1990,10622826
Southern Europe,,1995,11889956
Southern Europe,,2000,12651345
Southern Europe,,2005,11535218
Southern Europe,,2010,11728125
Southern Europe,,2015,12045253
Southern Europe,,2020,14017111
Spain,ESP,1990,1439004
Spain,ESP,1995,1362409
Spain,ESP,2000,1290614
Spain,ESP,2005,1114465
Spain,ESP,2010,1087071
Spain,ESP,2015,1269283
Spain,ESP,2020,1489823
Sri Lanka,LKA,1990,883684
Sri Lanka,LKA,1995,923530
Sri Lanka,LKA,2000,979093
Sri Lanka,LKA,2005,1151553
Sri Lanka,LKA,2010,1454292
Sri Lanka,LKA,2015,1656253
Sri Lanka,LKA,2020,1960025
Sub-Saharan Africa,,1990,15334807
Sub-Saharan Africa,,1995,16488973
Sub-Saharan Africa,,2000,15638014
Sub-Saharan Africa,,2005,17274985
Sub-Saharan Africa,,2010,19942724
Sub-Saharan Africa,,2015,24197211
Sub-Saharan Africa,,2020,28284538
Sudan,SDN,1990,584935
Sudan,SDN,1995,775375
Sudan,SDN,2000,885660
Sudan,SDN,2005,1277632
Sudan,SDN,2010,1235193
Sudan,SDN,2015,1842602
Sudan,SDN,2020,2104887
Suriname,SUR,1990,177857
Suriname,SUR,1995,191535
Suriname,SUR,2000,211219
Suriname,SUR,2005,248782
Suriname,SUR,2010,258715
Suriname,SUR,2015,254612
Suriname,SUR,2020,273209
Sweden,SWE,1990,205942
Sweden,SWE,1995,225655
Sweden,SWE,2000,256610
Sweden,SWE,2005,267953
Sweden,SWE,2010,291904
Sweden,SWE,2015,302408
Sweden,SWE,2020,327581
Switzerland,CHE,1990,325580
Switzerland,CHE,1995,339249
Switzerland,CHE,2000,370442
Switzerland,CHE,2005,502289
Switzerland,CHE,2010,624385
Switzerland,CHE,2015,644855
Switzerland,CHE,2020,713623
Syria,SYR,1990,620285
Syria,SYR,1995,661278
Syria,SYR,2000,707070
Syria,SYR,2005,813361
Syria,SYR,2010,1057322
Syria,SYR,2015,6447843
Syria,SYR,2020,8457214
Taiwan,TWN,1990,0
Taiwan,TWN,1995,0
Taiwan,TWN,2000,0
Taiwan,TWN,2005,0
Taiwan,TWN,2010,0
Taiwan,TWN,2015,0
Taiwan,TWN,2020,0
Tajikistan,TJK,1990,537699
Tajikistan,TJK,1995,555426
Tajikistan,TJK,2000,541183
Tajikistan,TJK,2005,586235
Tajikistan,TJK,2010,584647
Tajikistan,TJK,2015,585060
Tajikistan,TJK,2020,586851
Tanzania,TZA,1990,203043
Tanzania,TZA,1995,229151
Tanzania,TZA,2000,215460
Tanzania,TZA,2005,234918
Tanzania,TZA,2010,262172
Tanzania,TZA,2015,294102
Tanzania,TZA,2020,327863
Thailand,THA,1990,306924
Thailand,THA,1995,411878
Thailand,THA,2000,531028
Thailand,THA,2005,631678
Thailand,THA,2010,769257
Thailand,THA,2015,921690
Thailand,THA,2020,1086985
Togo,TGO,1990,193827
Togo,TGO,1995,309616
Togo,TGO,2000,267164
Togo,TGO,2005,405803
Togo,TGO,2010,417178
Togo,TGO,2015,495380
Togo,TGO,2020,545409
Tokelau,TKL,1990,1684
Tokelau,TKL,1995,1810
Tokelau,TKL,2000,2061
Tokelau,TKL,2005,2090
Tokelau,TKL,2010,2168
Tokelau,TKL,2015,2171
Tokelau,TKL,2020,2112
Tonga,TON,1990,32665
Tonga,TON,1995,38208
Tonga,TON,2000,46444
Tonga,TON,2005,48337
Tonga,TON,2010,51521
Tonga,TON,2015,59203
Tonga,TON,2020,74550
Trinidad and Tobago,TTO,1990,197440
Trinidad and Tobago,TTO,1995,251142
Trinidad and Tobago,TTO,2000,307795
Trinidad and Tobago,TTO,2005,322906
Trinidad and Tobago,TTO,2010,350517
Trinidad and Tobago,TTO,2015,368633
Trinidad and Tobago,TTO,2020,330519
Tunisia,TUN,1990,465549
Tunisia,TUN,1995,476933
Tunisia,TUN,2000,486964
Tunisia,TUN,2005,579009
Tunisia,TUN,2010,615732
Tunisia,TUN,2015,774376
Tunisia,TUN,2020,902268
Turkey,TUR,1990,2512944
Turkey,TUR,1995,2771731
Turkey,TUR,2000,2847334
Turkey,TUR,2005,2577305
Turkey,TUR,2010,2708930
Turkey,TUR,2015,3073534
Turkey,TUR,2020,3411408
Turkmenistan,TKM,1990,260005
Turkmenistan,TKM,1995,243523
Turkmenistan,TKM,2000,224398
Turkmenistan,TKM,2005,231939
Turkmenistan,TKM,2010,234635
Turkmenistan,TKM,2015,238531
Turkmenistan,TKM,2020,242554
Turks and Caicos Islands,TCA,1990,2308
Turks and Caicos Islands,TCA,1995,1533
Turks and Caicos Islands,TCA,2000,740
Turks and Caicos Islands,TCA,2005,1190
Turks and Caicos Islands,TCA,2010,2197
Turks and Caicos Islands,TCA,2015,2454
Turks and Caicos Islands,TCA,2020,2689
Tuvalu,TUV,1990,2350
Tuvalu,TUV,1995,2738
Tuvalu,TUV,2000,2611
Tuvalu,TUV,2005,2917
Tuvalu,TUV,2010,3011
Tuvalu,TUV,2015,3203
Tuvalu,TUV,2020,3670
Uganda,UGA,1990,311591
Uganda,UGA,1995,361969
Uganda,UGA,2000,517776
Uganda,UGA,2005,586602
Uganda,UGA,2010,731768
Uganda,UGA,2015,786229
Uganda,UGA,2020,781440
Ukraine,UKR,1990,5545517
Ukraine,UKR,1995,5606133
Ukraine,UKR,2000,5596518
Ukraine,UKR,2005,5566382
Ukraine,UKR,2010,5429876
Ukraine,UKR,2015,5797550
Ukraine,UKR,2020,6139144
United Arab Emirates,ARE,1990,79499
United Arab Emirates,ARE,1995,97928
United Arab Emirates,ARE,2000,111082
United Arab Emirates,ARE,2005,125618
United Arab Emirates,ARE,2010,155609
United Arab Emirates,ARE,2015,178324
United Arab Emirates,ARE,2020,203214
United Kingdom,GBR,1990,3789316
United Kingdom,GBR,1995,3708650
United Kingdom,GBR,2000,3860006
United Kingdom,GBR,2005,4145206
United Kingdom,GBR,2010,4432928
United Kingdom,GBR,2015,4379366
United Kingdom,GBR,2020,4732510
United States,USA,1990,1726213
United States,USA,1995,1827431
United States,USA,2000,1979327
United States,USA,2005,2296999
United States,USA,2010,2670652
United States,USA,2015,2717761
United States,USA,2020,2996223
United States Virgin Islands,VIR,1990,2309
United States Virgin Islands,VIR,1995,3030
United States Virgin Islands,VIR,2000,3814
United States Virgin Islands,VIR,2005,3638
United States Virgin Islands,VIR,2010,3711
United States Virgin Islands,VIR,2015,3953
United States Virgin Islands,VIR,2020,3908
Upper-middle-income countries,,1990,46251718
Upper-middle-income countries,,1995,53059271
Upper-middle-income countries,,2000,59585818
Upper-middle-income countries,,2005,65735241
Upper-middle-income countries,,2010,74175415
Upper-middle-income countries,,2015,77576140
Upper-middle-income countries,,2020,87648518
Uruguay,URY,1990,237486
Uruguay,URY,1995,233993
Uruguay,URY,2000,235641
Uruguay,URY,2005,298986
Uruguay,URY,2010,338438
Uruguay,URY,2015,353225
Uruguay,URY,2020,367060
Uzbekistan,UZB,1990,1427980
Uzbekistan,UZB,1995,1515731
Uzbekistan,UZB,2000,1575965
Uzbekistan,UZB,2005,1730224
Uzbekistan,UZB,2010,1888942
Uzbekistan,UZB,2015,1976024
Uzbekistan,UZB,2020,2027823
Vanuatu,VUT,1990,4869
Vanuatu,VUT,1995,5611
Vanuatu,VUT,2000,6242
Vanuatu,VUT,2005,7264
Vanuatu,VUT,2010,7692
Vanuatu,VUT,2015,6751
Vanuatu,VUT,2020,7246
Vatican,VAT,1990,10
Vatican,VAT,1995,26
Vatican,VAT,2000,41
Vatican,VAT,2005,110
Vatican,VAT,2010,175
Vatican,VAT,2015,310
Vatican,VAT,2020,174
Venezuela,VEN,1990,185492
Venezuela,VEN,1995,241864
Venezuela,VEN,2000,317753
Venezuela,VEN,2005,437087
Venezuela,VEN,2010,560528
Venezuela,VEN,2015,709140
Venezuela,VEN,2020,5415337
Vietnam,VNM,1990,1505588
Vietnam,VNM,1995,1842320
Vietnam,VNM,2000,2158532
Vietnam,VNM,2005,2376225
Vietnam,VNM,2010,2630742
Vietnam,VNM,2015,2909491
Vietnam,VNM,2020,3392025
Wallis and Futuna,WLF,1990,6484
Wallis and Futuna,WLF,1995,6943
Wallis and Futuna,WLF,2000,7401
Wallis and Futuna,WLF,2005,7436
Wallis and Futuna,WLF,2010,7465
Wallis and Futuna,WLF,2015,11227
Wallis and Futuna,WLF,2020,11917
Western Africa,,1990,5051069
Western Africa,,1995,6292141
Western Africa,,2000,6386350
Western Africa,,2005,7451068
Western Africa,,2010,8211176
Western Africa,,2015,9425980
Western Africa,,2020,10558152
Western Asia,,1990,11078561
Western Asia,,1995,12217016
Western Asia,,2000,12995065
Western Asia,,2005,13901370
Western Asia,,2010,16062583
Western Asia,,2015,21691299
Western Asia,,2020,25281195
Western Europe,,1990,6100528
Western Europe,,1995,6375212
Western Europe,,2000,6833240
Western Europe,,2005,7466886
Western Europe,,2010,8226254
Western Europe,,2015,8394738
Western Europe,,2020,9177420
Western Sahara,ESH,1990,168238
Western Sahara,ESH,1995,167146
Western Sahara,ESH,2000,166060
Western Sahara,ESH,2005,131288
Western Sahara,ESH,2010,170195
Western Sahara,ESH,2015,185885
Western Sahara,ESH,2020,194932
World,OWID_WRL,1990,152986157
World,OWID_WRL,1995,161289976
World,OWID_WRL,2000,173230585
World,OWID_WRL,2005,191446828
World,OWID_WRL,2010,220983187
World,OWID_WRL,2015,247958644
World,OWID_WRL,2020,280598105
Yemen,YEM,1990,455492
Yemen,YEM,1995,486249
Yemen,YEM,2000,529396
Yemen,YEM,2005,628869
Yemen,YEM,2010,876383
Yemen,YEM,2015,1095240
Yemen,YEM,2020,1301166
Zambia,ZMB,1990,85201
Zambia,ZMB,1995,140895
Zambia,ZMB,2000,160201
Zambia,ZMB,2005,181499
Zambia,ZMB,2010,182766
Zambia,ZMB,2015,184371
Zambia,ZMB,2020,200700
Zimbabwe,ZWE,1990,204363
Zimbabwe,ZWE,1995,287995
Zimbabwe,ZWE,2000,351985
Zimbabwe,ZWE,2005,500773
Zimbabwe,ZWE,2010,754643
Zimbabwe,ZWE,2015,1167064
Zimbabwe,ZWE,2020,1243314